{
  "absolute_error_hartree": 5.731237706640968e-11,
  "algorithm": "VQE",
  "cost_function_evals": 10.0,
  "estimator": "StatevectorEstimator",
  "exact_total_energy_hartree": -1.1373060357533986,
  "maxiter": 100,
  "nuclear_repulsion_energy_hartree": 0.7199689944489797,
  "num_evaluations_recorded": 10,
  "num_parameters": 3,
  "optimal_point": [
    -3.430909377656013e-08,
    -2.9611306231260573e-08,
    -0.11176257378436757
  ],
  "optimizer": "SLSQP",
  "optimizer_time_seconds": 0.08179926872253418,
  "raw_optimal_value_hartree": -1.857275030145066,
  "seed": 42,
  "vqe_electronic_energy_hartree": -1.857275030145066,
  "vqe_total_energy_hartree": -1.1373060356960862
}
