{
  "absolute_error_hartree": 5.7491345017979256e-11,
  "algorithm": "VQE",
  "cost_function_evals": 10.0,
  "estimator": "StatevectorEstimator",
  "exact_total_energy_hartree": -1.1373060357534013,
  "maxiter": 100,
  "nuclear_repulsion_energy_hartree": 0.7199689944489797,
  "num_evaluations_recorded": 10,
  "num_parameters": 3,
  "optimal_point": [
    1.4805651904079574e-08,
    1.4805651904079576e-08,
    -0.11176256463880269
  ],
  "optimizer": "SLSQP",
  "optimizer_time_seconds": 0.08042705385014415,
  "raw_optimal_value_hartree": -1.8572750301448897,
  "seed": 42,
  "vqe_electronic_energy_hartree": -1.8572750301448897,
  "vqe_total_energy_hartree": -1.13730603569591
}
