{
  "chemical_accuracy_ev": 0.0435382179935808,
  "chemical_accuracy_hartree": 0.0016,
  "energies_hartree": {
    "exact": -1.1373060357533995,
    "hartree_fock": -1.116998996754004,
    "initial_ansatz": -1.116998996754004,
    "vqe": -1.13730603569591
  },
  "errors_ev": {
    "initial_ansatz_abs_error": 0.5525826817248944,
    "vqe_abs_error": 1.5643708579535237e-09
  },
  "errors_hartree": {
    "initial_ansatz_abs_error": 0.020307038999395566,
    "vqe_abs_error": 5.7489568661139856e-11
  },
  "improvement_from_initial_hartree": 0.020307038941905997,
  "vqe_passes_1e_minus_3_hartree": true,
  "vqe_within_chemical_accuracy": true
}
